Ambroxol Hydrochloride,WS/14/004,NQCL-WRS-A26-2
Artesunate,SEP/13037,NQCL-WRS-A15
Azitromycin Dihydrate,AZ159A13,NQCL-WRS-A4-1
Azitromycin Dihydrate,AZ159A13,NQCL-WRS-A4-1
Bisoprolol Fumarate ,WS255NO,NQCL-WRS-B12-1
Bisoprolol Fumarate ,WS255C0,NQCL-WRS-B12-1
Cefaclor Monohydrate,66020200061,NQCL-WRS-C8-1
Ceftriaxone Sodium ,WS-MU09-066,NQCL-WRS-C2-6
Ceftriaxone Sodium ,WS/13(2)/048,NQCL-WRS-C2-1
Cefuroxime Axetil ,BCFANG002714,NQCL-WRS-C3-1
Chlorpheniramine  Maleate,GW/CPM20113,NQCL-WRS-C28-1
Chlorpheniramine  Maleate,GW/CPM20113,NQCL-WRS-C28-1
Chlorpheniramine  Maleate,WC/004,NQCL-WRS-C30
Clindamycin Phosphate,P-06-WS20131203,NQCL-WRS-C4-1
Clotrimazole ,WS-13/13,NQCL-WRS-C32-1
Diclofenac Sodium,131229-5W,NQCL-WRS-D6-1
Diclofenac Sodium,WS/T-008/13/A,NQCL-WRS-D6-1
Diclofenac Sodium,WSN-558,NQCL-WRS-D6-1
Dicyclomine Hydrochloride ,WS14034,NQCL-WRS-D12-1
Diflucortolone Valearate,2139vMOC0051222,NQCL-WRS-D16-1
Folic Acid ,WS/FAL/18,NQCL-WRS-F3-1
Folic Acid ,1310003,NQCL-WRS-F3-1
Glimepiride,WRS-GO512,NQCL-WRS-G2-1
Glimepiride,3003GP4J11,NQCL-WRS-G2-1
Glycopyrronium Bromide,C009,NQCL-WRS-G11-1
Hydrochlorothiazide,HYDWS1301,NQCL-WRS-H1-1
Ivermectin ,100977-201101,NQCL-WRS-I2-1
Ivermectin ,100977-201101,NQCL-WRS-I2
Ivermectin ,100977-201101,NQCL-WRS-I2
Lamivudine ,03WS1400052,NQCL-WRS-L3-1
Lamivudine ,07WS13000057,NQCL-WRS-B12-1
Lefloxacin Hemihydrate ,KY-LFA-M20140419E,NQCL-WRS-L19-1
Lefloxacin Hemihydrate ,KY-LFA-M20130612,NQCL-WRS-L9-1
Levocetirizine Dihydrochloride,001052012LCH,NQCL-WRS-L8-1
Linezolid ,LNZ0871113,NQCL-WRS-L10-1
Lumefantrine ,070-WS-130006,NQCL-WRS-L1-1
Menthol,BA23913,NQCL-WRS-M21
Metformin Hydrochloride ,METWS1401,NQCL-WRS-M19-1
Methyl Paraben ,MP-200/11-12,NQCL-WRS-M4-1
Methyl Salycylate,F-3846,NQCL-WRS-M20
Metronidazole Benzoate,MBO112080431,NQCL-WRS-M11-1
Mometasone Furoate,WSI/016/14,NQCL-WRS-M9-1
Montelukast Sodium,WS062C0,NQCL-WRS-M6
Nebivolol Hydrochloride ,QC/WS/NEBI-01/14,NQCL-WRS-N9-1
Nebivolol Hydrochloride ,NEBWS1301,NQCL-WRS-N9-1
Olmesartan Medoxomil ,RS1308036700,NQCL-WRS-O11
Olopatadine Hydrochloride ,WS/13(2)/132,NQCL-WRS-O2-1
Olopatadine Hydrochloride ,WS/OH-U/001,NQCL-WRS-O2-1
Omeprazole ,WS069P0,NQCL-WRS-O14-1
Pantoprazole Sodium  Sesquihydrate,07ws13000037,NQCL-WRS-B12-1
Phenylephrine Hydrochloride,PEO/11/1212/103/106,NQCL-WRS-P24-1
Phenylephrine Hydrochloride,PHEN/001/12,NQCL-WRS-P24
Piroxicam ,WS/14/2014,NQCL-WRS-P32-1
Pitavastatin  Calcium ,WS050D0,NQCL-WRS-P33-1
Pramipexole  Dihydrochloride ,1416/WS/004,NQCL-WRS-P10-1
Sumatriptan Succinate,03WS14000067,NQCL-WRS-S39-1
Zidovudine ,03WS1400044,NQCL-WRS-Z1-1
,,
